N,P,K,temperature,humidity,ph,rainfall,soil_type,label
90.0,42.0,43.0,20.87974371,82.00274423,6.502985292,202.9355362,Alluvial,rice
85.0,58.0,41.0,21.77046169,80.31964408,7.038096361,226.6555374,Alluvial,rice
60.0,55.0,44.0,23.00445915,82.3207629,7.840207144,263.9642476,Alluvial,rice
74.0,35.0,40.0,26.49109635,80.15836264,6.980400905,242.8640342,Alluvial,rice
78.0,42.0,42.0,20.13017482,81.60487287,7.628472891,262.7173405,Alluvial,rice
69.0,37.0,42.0,23.05804872,83.37011772,7.073453503,251.0549998,Alluvial,rice
69.0,55.0,38.0,22.70883798,82.63941394,5.70080568,271.3248604,Alluvial,rice
94.0,53.0,40.0,20.27774362,82.89408619,5.71862717799999,241.9741949,Alluvial,rice
89.0,54.0,38.0,24.51588066,83.5352162999999,6.685346424,230.4462359,Alluvial,rice
68.0,58.0,38.0,23.22397386,83.03322691,6.336253525,221.2091958,Alluvial,rice
91.0,53.0,40.0,26.52723513,81.41753846,5.386167788,264.6148697,Alluvial,rice
90.0,46.0,42.0,23.97898217,81.45061596,7.50283396,250.0832336,Alluvial,rice
78.0,58.0,44.0,26.80079604,80.88684822,5.108681786,284.4364567,Alluvial,rice
93.0,56.0,36.0,24.01497622,82.05687182,6.98435366,185.2773389,Alluvial,rice
94.0,50.0,37.0,25.66585205,80.66385045,6.94801983,209.5869708,Alluvial,rice
60.0,48.0,39.0,24.28209415,80.30025587,7.04229906899999,231.0863347,Alluvial,rice
85.0,38.0,41.0,21.58711777,82.7883708,6.249050656,276.655245899999,Alluvial,rice
91.0,35.0,39.0,23.79391957,80.41817957,6.970859754,206.2611855,Alluvial,rice
77.0,38.0,36.0,21.8652524,80.1923008,5.953933276,224.5550169,Alluvial,rice
88.0,35.0,40.0,23.57943626,83.58760316,5.85393208,291.2986618,Alluvial,rice
89.0,45.0,36.0,21.32504158,80.47476396,6.442475375,185.4974732,Alluvial,rice
76.0,40.0,43.0,25.15745531,83.11713476,5.070175667,231.3843163,Alluvial,rice
67.0,59.0,41.0,21.94766735,80.97384195,6.012632591,213.3560921,Alluvial,rice
83.0,41.0,43.0,21.0525355,82.67839517,6.254028451,233.1075816,Alluvial,rice
98.0,47.0,37.0,23.48381344,81.33265073,7.375482851,224.0581164,Alluvial,rice
66.0,53.0,41.0,25.0756354,80.52389148,7.778915154,257.0038865,Alluvial,rice
97.0,59.0,43.0,26.35927159,84.04403589,6.286500176,271.3586137,Alluvial,rice
97.0,50.0,41.0,24.52922681,80.54498576,7.070959995,260.2634026,Alluvial,rice
60.0,49.0,44.0,20.77576147,84.49774397,6.244841491,240.0810647,Alluvial,rice
84.0,51.0,35.0,22.30157427,80.64416466,6.043304899,197.9791215,Alluvial,rice
73.0,57.0,41.0,21.44653958,84.94375962,5.824709117,272.2017204,Alluvial,rice
92.0,35.0,40.0,22.17931888,80.33127223,6.357389366,200.0882787,Alluvial,rice
85.0,37.0,39.0,24.52783742,82.73685569,6.36413496799999,224.6757231,Alluvial,rice
98.0,53.0,38.0,20.26707606,81.63895217,5.01450727,270.4417274,Alluvial,rice
88.0,54.0,44.0,25.7354293,83.88266234,6.149410611,233.1321372,Alluvial,rice
95.0,55.0,42.0,26.79533926,82.1480873,5.950660556,193.3473987,Alluvial,rice
99.0,57.0,35.0,26.75754171,81.17734011,5.960370061,272.2999056,Alluvial,rice
95.0,39.0,36.0,23.86330467,83.15250801,5.561398642,285.2493645,Alluvial,rice
60.0,43.0,44.0,21.01944696,82.95221726,7.416245107,298.4018471,Alluvial,rice
63.0,44.0,41.0,24.17298839,83.7287574,5.583370042,257.0343554,Alluvial,rice
62.0,42.0,36.0,22.78133816,82.06719137,6.430010215,248.7183228,Alluvial,rice
64.0,45.0,43.0,25.62980105,83.52842314,5.534878156,209.9001977,Alluvial,rice
83.0,60.0,36.0,25.59704938,80.14509262,6.903985986,200.834898,Alluvial,rice
82.0,40.0,40.0,23.83067496,84.81360127,6.27147883799999,298.5601175,Alluvial,rice
85.0,52.0,45.0,26.31355498,82.36698992,7.224285503,265.5355937,Alluvial,rice
91.0,35.0,38.0,24.8972823,80.52586088,6.13428721,183.6793207,Alluvial,rice
76.0,49.0,42.0,24.958779,84.47963372,5.206373153,196.9560008,Alluvial,rice
74.0,39.0,38.0,23.24113501,84.59201843,7.78205131299999,233.0453455,Alluvial,rice
79.0,43.0,39.0,21.66628296,80.70960551,7.062779015,210.8142087,Alluvial,rice
88.0,55.0,45.0,24.63544858,80.41363018,7.730367824,253.7202781,Alluvial,rice
60.0,36.0,43.0,23.43121862,83.06310136,5.286203711,219.9048349,Alluvial,rice
76.0,60.0,39.0,20.0454142,80.3477562,6.766240045,208.5810155,Alluvial,rice
93.0,56.0,42.0,23.85724032,82.22572988,7.382762603,195.0948311,Alluvial,rice
65.0,60.0,43.0,21.97199397,81.89918197,5.658169482,227.3637009,Alluvial,rice
95.0,52.0,36.0,26.22916897,83.83625819,5.54336023799999,286.5083725,Alluvial,rice
75.0,38.0,39.0,23.44676801,84.79352417,6.215109715,283.9338466,Alluvial,rice
74.0,54.0,38.0,25.65553461,83.47021081,7.120272972,217.3788583,Alluvial,rice
91.0,36.0,45.0,24.44345477,82.45432595,5.950647577,267.9761948,Alluvial,rice
71.0,46.0,40.0,20.2801937,82.1235421,7.236705436,191.9535738,Alluvial,rice
99.0,55.0,35.0,21.7238313,80.2389895,6.501697816,277.9626192,Alluvial,rice
72.0,40.0,38.0,20.41447029,82.20802629,7.592490617,245.1511304,Alluvial,rice
83.0,58.0,45.0,25.75528612,83.51827127,5.875345751,245.6626799,Alluvial,rice
93.0,58.0,38.0,20.61521424,83.77345559,6.932400225,279.5451717,Alluvial,rice
70.0,36.0,42.0,21.84106875,80.72886384,6.946209881,202.3838319,Alluvial,rice
76.0,47.0,42.0,20.08369642,83.29114712,5.739175027,263.6372176,Alluvial,rice
99.0,41.0,36.0,24.45802087,82.74835604,6.738652179,182.5616319,Alluvial,rice
99.0,54.0,37.0,21.14347496,80.33502926,5.594819626,198.6730942,Alluvial,rice
86.0,59.0,35.0,25.78720567,82.11124033,6.946636369,243.5120414,Alluvial,rice
69.0,46.0,41.0,23.64124821,80.28597873,5.012139669,263.1103304,Alluvial,rice
91.0,56.0,37.0,23.43191632,80.56887849,6.36347220799999,269.5039162,Alluvial,rice
61.0,52.0,41.0,24.97669518,83.891805,6.880431223,204.8001847,Alluvial,rice
67.0,45.0,38.0,22.72791041,82.1706880999999,7.300410836,260.8875056,Alluvial,rice
79.0,42.0,37.0,24.87300744,82.84022551,6.58791870799999,295.6094492,Alluvial,rice
78.0,43.0,42.0,21.32376327,83.00320459,7.283736617,192.3197536,Alluvial,rice
75.0,54.0,36.0,26.29465461,84.56919326,7.023936392,257.4914906,Alluvial,rice
97.0,36.0,45.0,22.2286982,81.85872947,6.939083505,278.0791793,Alluvial,rice
67.0,47.0,44.0,26.73072391,81.78596776,7.868474653,280.4044392,Alluvial,rice
73.0,35.0,38.0,24.88921174,81.97927117,5.005306977,185.9461429,Alluvial,rice
77.0,36.0,37.0,26.88444878,81.46033732,6.136131869,194.5766559,Alluvial,rice
81.0,41.0,38.0,22.67846116,83.72874389,7.524080076,200.9133156,Alluvial,rice
68.0,57.0,43.0,26.08867875,80.37979919,5.706943251,182.9043504,Alluvial,rice
72.0,45.0,35.0,25.42977518,82.94682591,5.758506323,195.3574542,Alluvial,rice
61.0,53.0,43.0,26.40323239,81.05635517,6.349606327,223.3671883,Alluvial,rice
67.0,43.0,39.0,26.04371967,84.96907151,5.999969026,186.7536773,Alluvial,rice
67.0,58.0,39.0,25.2827223,80.54372813,5.453592032,220.1156708,Alluvial,rice
66.0,60.0,38.0,22.08576562,83.47038318,6.372576327,231.7364957,Alluvial,rice
82.0,43.0,38.0,23.28617173,81.43321641,5.105588355,242.3170629,Alluvial,rice
84.0,50.0,44.0,25.48591986,81.40633547,5.935344406,182.6549356,Alluvial,rice
81.0,53.0,42.0,23.67575393,81.03569343,5.17782304,233.7034975,Alluvial,rice
91.0,50.0,40.0,20.82477109,84.1341879,6.462391607,230.2242223,Alluvial,rice
93.0,53.0,38.0,26.92995077,81.91411159,7.069172227,290.6793783,Alluvial,rice
90.0,44.0,38.0,23.83509503,83.88387074,7.473134377,241.2013513,Alluvial,rice
81.0,45.0,35.0,26.52872817,80.12267476,6.158376967,218.9163567,Alluvial,rice
78.0,40.0,38.0,26.46428311,83.85642678,7.549873681,248.2256491,Alluvial,rice
60.0,51.0,36.0,22.69657794,82.81088865,6.02832155799999,256.9964761,Alluvial,rice
88.0,46.0,42.0,22.68319059,83.46358271,6.604993475,194.2651719,Alluvial,rice
93.0,47.0,37.0,21.53346343,82.14004101,6.500343222,295.9248796,Alluvial,rice
60.0,55.0,45.0,21.40865769,83.3293190999999,5.935745417,287.5766935,Alluvial,rice
78.0,35.0,44.0,26.54348085,84.67353597,7.072655622,183.6222657,Alluvial,rice
65.0,37.0,40.0,23.35905428,83.59512273,5.333322606,188.413665,Alluvial,rice
71.0,54.0,16.0,22.61359953,63.69070564,5.749914421,87.75953857,Laterite,maize
61.0,44.0,17.0,26.10018422,71.57476937,6.93175655799999,102.2662445,Alluvial,maize
80.0,43.0,16.0,23.55882094,71.59351368,6.657964753,66.71995467,Alluvial,maize
73.0,58.0,21.0,19.97215954,57.68272924,6.596060648,60.65171481,Alluvial,maize
61.0,38.0,20.0,18.47891261,62.69503871,5.970458434,65.43835393,Laterite,maize
68.0,41.0,16.0,21.77689322,57.80840636,6.158830619,102.0861694,Black,maize
93.0,41.0,17.0,25.6217169,66.50415474,6.047906679,105.4654703,Laterite,maize
89.0,60.0,19.0,25.19192419,66.6902901,5.913664501,78.06639649,Laterite,maize
76.0,44.0,17.0,20.41683147,62.5542482,5.855442401,65.27798457,Alluvial,maize
67.0,60.0,25.0,24.92162194,66.78627406,5.750254943,109.2162279,Laterite,maize
70.0,44.0,19.0,23.31689124,73.4541537,5.852607099,94.29712821,Alluvial,maize
90.0,49.0,21.0,24.84016732,68.3584573,6.472523287,74.05474936,Laterite,maize
62.0,52.0,16.0,22.27526694,58.84015925,6.967057762,63.87020584,Red,maize
92.0,44.0,16.0,18.87751445,65.76816093,6.082973754,94.76189431,Red,maize
66.0,54.0,21.0,25.19008683,60.2001687,5.919045532,72.12375573,Alluvial,maize
63.0,58.0,22.0,18.25405352,55.28220433,6.20474765299999,63.72358154,Red,maize
70.0,47.0,17.0,24.6129118,70.4162444,6.600827017,104.1626147,Laterite,maize
61.0,41.0,17.0,25.1420613,65.26185135,6.021902237,76.68456006,Black,maize
66.0,53.0,19.0,23.09348056,60.1159381,6.033550195,65.49730729,Red,maize
74.0,55.0,19.0,18.05033737,62.89366992,6.28886807,84.23613484,Alluvial,maize
77.0,57.0,21.0,24.9321581,73.80435276,6.55056382299999,79.74078719,Red,maize
99.0,50.0,15.0,18.14710054,71.09445342,5.573286437,88.07753741,Alluvial,maize
74.0,56.0,22.0,18.28362235,66.65952796,6.829199275,80.97573281,Laterite,maize
83.0,45.0,21.0,18.83344471,58.75082029,5.716222912,79.7532895999999,Alluvial,maize
100.0,48.0,16.0,25.71895816,67.22190688,5.54990242,74.51490791,Laterite,maize
79.0,51.0,16.0,25.33797709,68.49835977,6.586244581,96.46380213,Black,maize
94.0,39.0,18.0,23.89114571,57.48775781,5.893093135,102.8301942,Alluvial,maize
75.0,49.0,15.0,21.53574127,71.50905983,5.918263801,102.4852929,Alluvial,maize
78.0,48.0,22.0,23.08974909,63.10459626,5.588650585,70.43473609,Laterite,maize
87.0,54.0,20.0,25.61707368,63.4711755,6.576418207,108.8303762,Alluvial,maize
87.0,35.0,25.0,21.44526922,63.1621551,6.178056304,65.88951188,Alluvial,maize
63.0,43.0,19.0,18.51816776,55.53128131,6.641906353,90.988051,Red,maize
84.0,57.0,25.0,22.53510514,67.99257471,6.489040367,64.40866039,Red,maize
64.0,35.0,23.0,23.02038334,61.89472002,5.68036103799999,63.03843397,Red,maize
60.0,46.0,22.0,24.89364635,65.61418761,6.62540434799999,87.9298085,Laterite,maize
98.0,44.0,21.0,25.77175115,74.089114,6.524478032,107.4931917,Red,maize
75.0,56.0,18.0,19.39851734,62.35750641,5.696205468,60.95197486,Red,maize
86.0,55.0,21.0,21.54156232,59.64024162,6.803931519,109.7515385,Black,maize
98.0,35.0,18.0,23.79746068,74.82913698,6.25279754799999,91.76337172,Red,maize
76.0,57.0,18.0,18.9802729,74.52600826,6.092725883,94.26249353,Laterite,maize
99.0,56.0,17.0,24.10859207,73.13112261,6.234330356,71.07562236,Black,maize
60.0,44.0,23.0,24.7947077,70.04556743,5.722579819,76.72860067,Red,maize
74.0,48.0,17.0,21.63162756,60.27766379,6.430616465,69.21803098,Laterite,maize
89.0,60.0,17.0,25.37548751,57.21025565,5.983952675,101.7004306,Black,maize
69.0,51.0,23.0,22.21738222,72.85462807,6.80163854,106.6213157,Alluvial,maize
96.0,46.0,22.0,20.58314011,69.00128641,6.499936446,66.29390357,Black,maize
61.0,60.0,15.0,24.87502824,68.74248334,6.265564338,91.26056654,Laterite,maize
74.0,58.0,18.0,20.03728219,56.35606753,6.727303282,109.024141,Laterite,maize
74.0,43.0,23.0,25.95263264,61.89082199,6.325235159,99.57981207,Alluvial,maize
63.0,43.0,17.0,19.28889933,65.47050802,6.807487794,71.3195307,Red,maize
99.0,36.0,20.0,20.57981887,65.34583901,6.671085817,78.34604471,Alluvial,maize
77.0,36.0,23.0,24.71417533,56.73426469,6.648725327,88.45361858,Alluvial,maize
87.0,60.0,23.0,20.27317074,63.91281869,6.439071996,62.50351892,Alluvial,maize
60.0,38.0,17.0,18.41932981,64.23580251,6.474476516,76.41312437,Black,maize
94.0,54.0,17.0,23.39128187,61.74427165,5.871647806,107.3198135,Laterite,maize
95.0,38.0,22.0,19.84939404,61.24500053,5.730617109,100.7689246,Black,maize
84.0,44.0,21.0,21.869274,61.91044947,5.850439831,107.2681929,Black,maize
77.0,58.0,19.0,22.8056033,56.50768935,5.791649933,101.5952794,Black,maize
66.0,44.0,20.0,19.0781471,69.02298571,6.74000068799999,80.72515943,Black,maize
63.0,35.0,16.0,22.02720976,65.35549924,6.272417541,83.73280082,Black,maize
79.0,45.0,20.0,23.80546189,59.24537979,5.715208817,89.9622014,Laterite,maize
72.0,60.0,25.0,18.52510753,69.0276233,5.773454729,88.10234397,Laterite,maize
67.0,51.0,24.0,23.50297882,61.32026065,5.584171461,64.77791424,Alluvial,maize
86.0,36.0,24.0,26.54986394,72.89187265,5.787268394,73.33636055,Laterite,maize
76.0,48.0,18.0,19.29563411,69.63481219,5.77597783,83.21030571,Laterite,maize
75.0,53.0,18.0,20.68899915,59.4375337,6.864793607,103.651438,Red,maize
81.0,45.0,23.0,19.32666088,68.034493,6.19236000299999,84.22969177,Laterite,maize
73.0,45.0,21.0,24.60532218,73.58868502,6.63680322299999,96.59195302,Red,maize
71.0,35.0,24.0,22.27373646,59.52193158,5.826426917,67.96704792,Alluvial,maize
96.0,54.0,22.0,25.70196694,61.33450447,6.960358276,83.20711308,Alluvial,maize
99.0,39.0,18.0,19.20129357,68.30578978,6.11275104,87.85092352,Alluvial,maize
62.0,48.0,20.0,21.70181447,60.47470519,6.708446922,95.71388473,Red,maize
86.0,37.0,16.0,20.51716779,59.21235483,5.561510732,67.61013737,Laterite,maize
94.0,50.0,19.0,23.30355338,73.62548442,5.873242491,97.59081274,Red,maize
76.0,39.0,24.0,24.2547451,55.64709899,6.995843776,64.23845455,Red,maize
77.0,52.0,17.0,24.86374934,65.7420046,5.714799723,75.82270467,Alluvial,maize
74.0,39.0,23.0,22.6265115,65.77472881,6.78073637,88.17251033,Red,maize
81.0,49.0,20.0,18.04185513,60.61494304,5.513697923,104.2321615,Laterite,maize
63.0,42.0,21.0,23.26237612,72.33125523,5.79842390799999,67.10225139,Laterite,maize
99.0,38.0,21.0,22.88330922,71.59722446,6.352471866,67.72777298,Red,maize
90.0,52.0,25.0,25.97482359,69.36385721,6.822586546,103.2234212,Laterite,maize
68.0,40.0,19.0,26.14384005,66.20569924,6.655426355,107.2361366,Laterite,maize
60.0,57.0,24.0,18.66116213,61.55327249,6.121294041,75.03247667,Red,maize
71.0,52.0,18.0,25.10787449,55.97732754,5.79077020299999,78.16077693,Laterite,maize
61.0,59.0,17.0,23.33844615,59.24580604,6.47444292,105.0083144,Laterite,maize
88.0,38.0,15.0,25.08239719,65.92195844,6.455116637,62.49190812,Laterite,maize
65.0,60.0,22.0,25.36768364,72.52054555,6.606984086,107.9124111,Alluvial,maize
78.0,37.0,22.0,25.34217103,63.31801994,6.330554389,74.52082026,Black,maize
78.0,58.0,15.0,25.00933355,67.816568,6.528631266,62.91359494,Black,maize
92.0,60.0,23.0,18.66746724,71.516474,5.721667141,69.93293255,Laterite,maize
79.0,59.0,17.0,20.37999665,63.73849998,6.644205485,108.5054416,Red,maize
91.0,55.0,15.0,18.09300227,72.61024172,6.376651091,78.96159541,Alluvial,maize
76.0,51.0,18.0,26.16985907,71.96246617,6.247040422,79.84925393,Black,maize
87.0,48.0,25.0,18.65396672,61.37879671,6.65673000799999,93.62039175,Black,maize
71.0,60.0,22.0,26.07470121,59.37147589,6.2048017,85.75692395,Laterite,maize
90.0,57.0,24.0,18.92851916,72.80086137,6.158860284,82.34162918,Black,maize
67.0,35.0,22.0,23.30546753,63.24648023,6.38568421399999,108.7603001,Alluvial,maize
60.0,54.0,19.0,18.74826712,62.49878458,6.417820493,70.23401597,Black,maize
83.0,58.0,23.0,19.74213321,59.66263104,6.381201909,65.50861389,Black,maize
83.0,57.0,19.0,25.73044432,70.74739256,6.877869005,98.73771338,Black,maize
,,,,,,,,
53.0,74.0,15.0,29.43463808,64.94329356,7.517097,72.17818157,Laterite,blackgram
26.0,67.0,16.0,29.10713092,67.90577375,7.17620823,67.83345933,Alluvial,blackgram
33.0,80.0,22.0,28.57006111,65.71765781,6.593961761,70.0866434,Red,blackgram
37.0,79.0,19.0,27.54384835,69.3478631,7.143942758,69.40878198,Laterite,blackgram
33.0,75.0,21.0,33.04687968,68.93875631,6.690655045,62.30278274,Alluvial,blackgram
22.0,55.0,20.0,33.95309131,69.96100028,7.423530351,61.16350463,Alluvial,blackgram
20.0,68.0,17.0,30.11873003,60.11680815,6.57871484299999,71.72980375,Alluvial,blackgram
43.0,68.0,20.0,29.57812712,66.17587668,7.497469256,69.43895491,Alluvial,blackgram
44.0,76.0,22.0,27.26458947,68.01232937,7.775306272,68.91754359,Black,blackgram
34.0,60.0,16.0,31.35730791,64.24992106,7.32255522299999,63.85668948,Red,blackgram
21.0,72.0,17.0,31.52104732,66.55723677,7.580527339,61.71111448,Laterite,blackgram
25.0,68.0,19.0,29.39982732,64.25510719,7.108450121,67.47677295,Alluvial,blackgram
41.0,62.0,15.0,29.38400259,64.14928485,7.358974541,65.24194361,Alluvial,blackgram
28.0,65.0,23.0,28.38686534,61.88871127,7.405176138,74.24459122,Black,blackgram
35.0,64.0,15.0,28.47442276,63.53604453,6.500144962,69.5274407,Alluvial,blackgram
52.0,58.0,16.0,30.64095781,61.14508627,7.167435834,71.36947525,Laterite,blackgram
58.0,75.0,25.0,25.25596239,61.36669662,7.261791753,68.64685069,Red,blackgram
34.0,66.0,19.0,32.97030511,60.18122078,7.586642101,73.44678678,Laterite,blackgram
52.0,70.0,16.0,33.66855394,66.60416867,7.53481183299999,67.32520551,Alluvial,blackgram
23.0,57.0,19.0,32.83963757,67.99803573,7.251000789,73.40452716,Red,blackgram
42.0,58.0,25.0,27.45853567,62.90020977,6.51362091799999,69.46020927,Alluvial,blackgram
37.0,62.0,17.0,25.68576704,69.84354028,7.121254928,74.62068748,Laterite,blackgram
44.0,75.0,22.0,30.0328403,64.14800537,7.574561547,71.21006868,Red,blackgram
21.0,80.0,20.0,28.20667264,68.27085245,7.350869792,64.32887142,Black,blackgram
56.0,76.0,16.0,28.27265858,61.18956161,7.513151076,63.29900785,Laterite,blackgram
29.0,76.0,15.0,28.5417236,64.2020154,7.025607706,69.68862306,Red,blackgram
43.0,61.0,20.0,26.87187036,61.61367264,6.804253866,63.51822045,Laterite,blackgram
55.0,60.0,15.0,32.79766751,68.77994074,7.163043872,64.11411069,Alluvial,blackgram
44.0,63.0,15.0,26.42333018,64.51136845,7.338929556,63.46546487,Black,blackgram
29.0,67.0,21.0,29.79181107,63.38789228,6.621323612,63.02169909,Laterite,blackgram
47.0,63.0,16.0,27.44003279,67.10464369,6.661870999,72.50669768,Alluvial,blackgram
40.0,68.0,17.0,34.1262979,65.14877461,7.733149554,70.40795007,Laterite,blackgram
58.0,61.0,15.0,30.94908189,64.23364112,7.402891666,62.78730907,Black,blackgram
41.0,74.0,18.0,28.75751783,61.02701476,6.59914729799999,73.37686831,Red,blackgram
58.0,79.0,17.0,27.24766491,66.10123083,7.04174124,62.31842057,Laterite,blackgram
27.0,62.0,24.0,28.63005477,66.770943,7.353876754,62.2737345,Black,blackgram
27.0,60.0,17.0,26.41768321,63.64698302,7.02679535899999,64.42177127,Red,blackgram
52.0,65.0,20.0,32.81705216,66.15665137,6.814301033,68.83924882,Black,blackgram
44.0,55.0,25.0,29.6321052,65.91359954,7.42160832,71.16331975,Red,blackgram
21.0,62.0,24.0,33.49077065,62.73317204,6.847382891,65.45328463,Black,blackgram
60.0,59.0,22.0,31.86847286,66.74217464,7.191522601,74.22238583,Alluvial,blackgram
33.0,77.0,21.0,30.32992227,65.62971858,7.01285529,71.64631281,Black,blackgram
59.0,58.0,17.0,28.546224,66.31394098,7.368318809,62.83469851,Alluvial,blackgram
29.0,63.0,17.0,30.02629908,67.88811637,7.26154329,66.47264636,Laterite,blackgram
59.0,63.0,18.0,31.65531175,60.13263713,6.52669158,66.69096751,Red,blackgram
29.0,70.0,15.0,30.33499674,63.54718862,6.872594461,74.16699119,Laterite,blackgram
58.0,73.0,16.0,33.36984395,65.67718163,6.874142175,64.89517488,Laterite,blackgram
55.0,77.0,22.0,31.4345059,62.99303471,7.76061831,64.77651469,Laterite,blackgram
42.0,79.0,23.0,27.71678273,63.29103387,6.781841984,68.56507978,Red,blackgram
44.0,77.0,21.0,32.63918668,61.3009051,7.326980454,61.83876146,Red,blackgram
38.0,62.0,25.0,32.7477393,67.77954584,7.453975408,63.37784443,Alluvial,blackgram
32.0,76.0,15.0,28.05153602,63.49802189,7.604110177,43.35795377,Alluvial,lentil
13.0,61.0,22.0,19.44084326,63.27771461,7.728832424,46.83130119,Alluvial,lentil
38.0,60.0,20.0,29.84823072,60.63872613,7.491217102,46.80452595,Black,lentil
11.0,74.0,17.0,21.36383757,69.92375891,6.633864582,46.6352865,Alluvial,lentil
37.0,71.0,16.0,26.28663931,68.51966729,7.324863481,46.13833007,Black,lentil
29.0,71.0,18.0,22.17499963,62.13873825,6.410441476,53.46622584,Red,lentil
2.0,72.0,18.0,26.57597546,60.97876599,7.836719564,50.89110726,Black,lentil
6.0,59.0,21.0,26.58972517,66.14007674,6.139215944,50.90994463,Laterite,lentil
13.0,64.0,20.0,19.1345771,62.57526895,6.590571088,36.46946971,Alluvial,lentil
8.0,58.0,17.0,28.75273118,69.15640149,7.28604997799999,35.15426171,Laterite,lentil
6.0,77.0,20.0,25.78746268,60.2816298,6.058306161,49.14337177,Laterite,lentil
2.0,75.0,22.0,23.89271875,61.78779413,6.658605362,52.55730112,Red,lentil
3.0,69.0,23.0,28.67408774,63.18832976,7.299360767,42.96018627,Black,lentil
27.0,80.0,24.0,28.42062847,61.77336343,7.815210661,49.02366803,Alluvial,lentil
39.0,78.0,15.0,21.35499456,62.60136323,5.925391795,41.78219834,Alluvial,lentil
40.0,79.0,17.0,21.12695586,63.18738532,6.403683619,38.71834464,Laterite,lentil
37.0,62.0,22.0,24.02037872,61.62313345,7.397546271,49.78102578,Black,lentil
31.0,60.0,24.0,25.40474421,65.8567539,7.722335992,51.92057267,Alluvial,lentil
22.0,67.0,22.0,29.03017561,64.49166566,7.475926645,54.9393771,Black,lentil
3.0,78.0,18.0,20.21368219,68.65257685,6.887130053,50.89732989,Black,lentil
4.0,80.0,16.0,29.19585548,68.01965728,7.441976825,44.93261911,Alluvial,lentil
13.0,61.0,24.0,18.29783597,69.6897615,7.62991025299999,49.39111479,Red,lentil
12.0,66.0,20.0,27.41434987,63.41785982,7.336117221,44.43177543,Red,lentil
4.0,61.0,21.0,24.84063998,60.09116626,6.75020529,48.77790371,Laterite,lentil
9.0,60.0,21.0,29.94413861,67.31323084,7.52178027,40.37113729,Laterite,lentil
18.0,66.0,22.0,25.87990287,67.55109024,6.347379185,47.89645224,Red,lentil
32.0,56.0,18.0,20.0467711,65.84395319,7.135251532,46.05333124,Alluvial,lentil
6.0,72.0,15.0,22.99451999,66.70897237,7.670178119,54.49044154,Alluvial,lentil
15.0,77.0,20.0,25.13163619,66.92642362,7.399749291,49.04015558,Laterite,lentil
0.0,65.0,24.0,28.49584395,62.44616219,7.841496029,53.14531023,Alluvial,lentil
30.0,79.0,22.0,18.28766124,69.48515056,6.254216611,48.60449438,Black,lentil
3.0,63.0,16.0,24.38041875,61.18458224,6.86888170799999,53.13946695,Alluvial,lentil
2.0,78.0,23.0,21.31852148,66.43934593,7.320514721,45.42616802,Black,lentil
10.0,78.0,18.0,18.54141834,62.70637578,6.296976913,44.07819743,Laterite,lentil
14.0,67.0,25.0,25.28710601,60.85993533,7.241151936,49.37369982,Red,lentil
39.0,65.0,23.0,25.43459777,69.12613376,7.685959305,41.02682925,Laterite,lentil
19.0,72.0,15.0,28.83600962,69.76112921000001,6.890760124,44.08562546,Black,lentil
18.0,57.0,21.0,27.37659643,63.93927841,6.155915975,49.47371773,Laterite,lentil
31.0,58.0,15.0,28.31886863,60.19461399,6.167855382,45.36521251,Red,lentil
28.0,58.0,25.0,27.4818649,62.04814951,6.861640036,37.81123974,Alluvial,lentil
5.0,65.0,19.0,18.28072173,68.10365387,6.978361689,48.80253285,Black,lentil
16.0,65.0,19.0,27.61204997,69.29786244,7.043160241,42.72374404,Alluvial,lentil
34.0,65.0,19.0,23.43974653,63.22011726,5.94239222,45.40277297,Laterite,lentil
14.0,69.0,19.0,20.95628486,63.68128841,7.239455147,52.39881209,Laterite,lentil
22.0,55.0,16.0,23.7937153,68.03209183,6.516317561,49.73922097,Alluvial,lentil
24.0,61.0,17.0,22.6371424,65.44544859,6.233269045,38.30411077,Black,lentil
2.0,79.0,15.0,21.53577883,65.47227704,7.505283615,35.75107592,Black,lentil
26.0,63.0,17.0,29.87854588,65.73085206,6.950300686,44.95654782,Alluvial,lentil
27.0,61.0,15.0,25.2653291,67.10004577,6.958054839,48.33941188,Laterite,lentil
24.0,70.0,16.0,25.17885316,68.93307305,6.54803469,35.03484812,Laterite,lentil
13.0,74.0,25.0,24.12192608,61.09533545,6.461618577,44.23629285,Alluvial,lentil
6.0,64.0,23.0,23.33565221,67.40460704,7.065264073,36.18678721,Black,lentil
12.0,58.0,23.0,21.74600081,63.39503184,6.765091462,50.43306085,Red,lentil
32.0,79.0,22.0,27.60195453,63.46170674,5.91645379,54.37814199,Alluvial,lentil
6.0,68.0,18.0,24.388717,62.50453062,6.711341147,47.26052494,Black,lentil
33.0,44.0,44.0,21.1387173496376,63.6547702392335,6.38714840351884,764.649629926666,Alluvial,wheat
37.0,31.0,43.0,24.4136125869955,52.0635143325199,6.8316239924448,700.073235688614,Black,wheat
40.0,40.0,40.0,26.2898300266742,52.28744543695,6.07050829484971,750.379400306918,Alluvial,wheat
31.0,37.0,37.0,20.778725419148,62.5796406674741,6.26453119289704,447.107001312369,Black,wheat
36.0,37.0,47.0,20.1712176602791,62.2166772419708,6.60075741583086,644.494762898176,Alluvial,wheat
42.0,43.0,42.0,20.6558155128057,53.5002080195676,6.74638204267528,582.929830514332,Black,wheat
42.0,32.0,49.0,23.8791736477257,51.6151390960176,6.8901889201697,740.220648758567,Alluvial,wheat
46.0,33.0,41.0,21.6323972750994,58.0859154910179,6.77708166654364,441.328225918228,Black,wheat
45.0,39.0,39.0,20.8782941303105,53.5141154336719,6.97895495268113,713.371803199384,Alluvial,wheat
40.0,32.0,42.0,25.1693057765625,58.9151092444921,6.60049129095935,765.451467908944,Black,wheat
30.0,42.0,49.0,24.0724764452529,62.6123395075207,6.56514617013598,694.066395565378,Alluvial,wheat
41.0,32.0,30.0,24.9790628879085,50.1197567769586,6.19281820679053,633.112297068883,Black,wheat
36.0,34.0,40.0,25.2278553405047,60.4285097016108,6.21341305783173,681.584268553154,Alluvial,wheat
39.0,38.0,33.0,26.0468241431045,57.1255241574339,6.73293540213133,462.897543394077,Black,wheat
35.0,41.0,45.0,26.7974066005227,62.838321422087,6.58276739509518,655.182772443925,Alluvial,wheat
38.0,41.0,44.0,26.9827002910627,51.5163455958233,6.54005862234605,426.621464348059,Black,wheat
45.0,42.0,42.0,20.5088870808699,54.4364522968813,6.18936005227857,768.072748757266,Alluvial,wheat
49.0,32.0,43.0,24.9476912883205,59.4359586079596,6.72657813690591,500.345661847872,Black,wheat
40.0,42.0,34.0,23.8372117965712,64.947663926097,6.39428453044752,582.827080281332,Alluvial,wheat
34.0,37.0,32.0,26.7017045125588,60.5747674926673,6.41472251367603,521.229724692164,Black,wheat
45.0,34.0,37.0,25.241144503126,55.1475264339775,6.08868772168073,515.076474628475,Alluvial,wheat
34.0,36.0,49.0,23.6595535262197,52.4811224814348,6.40763507400275,680.469848670751,Black,wheat
39.0,34.0,33.0,22.9014299711568,63.8187069443377,6.37007241726582,746.773462743966,Alluvial,wheat
34.0,46.0,49.0,22.537556118383,56.1844983678354,6.45484987626607,701.602991031917,Black,wheat
40.0,41.0,30.0,26.5475939074625,57.3075231968844,6.84452243632307,543.709415771357,Alluvial,wheat
37.0,33.0,40.0,23.243736439979,63.8911307094041,6.38659574435566,689.400612062879,Black,wheat
38.0,36.0,30.0,22.3131181383297,54.6638120548096,6.80136685187422,663.079072480091,Alluvial,wheat
36.0,30.0,33.0,26.5543348109993,55.6333059226209,6.71219065466736,643.580638521701,Black,wheat
38.0,40.0,34.0,25.8995035822064,62.0050151336242,6.87285686393308,517.024310702924,Alluvial,wheat
44.0,48.0,48.0,26.6668295215509,62.5742981307039,6.0487128293442,564.419282662397,Black,wheat
30.0,47.0,48.0,20.1978178083292,55.9027444044364,6.60879852415682,405.040586403655,Alluvial,wheat
30.0,48.0,34.0,25.4253470416432,62.7399725262234,6.63489328065997,551.5896670361,Black,wheat
36.0,33.0,34.0,21.3521688131548,59.3716818725063,6.79228224271861,484.163353944098,Alluvial,wheat
31.0,39.0,41.0,23.2243956533058,51.1606081838476,6.40471825418479,746.519705781626,Black,wheat
31.0,41.0,38.0,23.931164155373,59.5218270135392,6.54077188171312,602.310309401319,Alluvial,wheat
40.0,31.0,35.0,20.749573956612,56.2711826412253,6.93900012546024,579.489250265826,Black,wheat
37.0,36.0,45.0,21.6774058159157,63.3309499964242,6.68094617996699,485.828040023212,Alluvial,wheat
43.0,35.0,37.0,22.144952004422,55.8571831914065,6.71701910715019,424.191520634715,Black,wheat
42.0,43.0,40.0,21.7995196546598,52.516385834245,6.3636350440299,687.052115427156,Alluvial,wheat
41.0,35.0,39.0,26.3971015878228,57.4798341188917,6.027292437153,773.255992697873,Black,wheat
47.0,35.0,43.0,26.1847715806129,50.4747735455315,6.41573612026062,798.360889699205,Alluvial,wheat
46.0,32.0,33.0,23.2677688738181,51.7733500705334,6.63503192903605,661.483403378873,Black,wheat
34.0,38.0,30.0,22.8722311637406,56.9699988200009,6.41482227807407,624.672098718255,Alluvial,wheat
48.0,38.0,33.0,27.0452407546988,58.1105448027813,6.6512275372666,612.146241329597,Black,wheat
46.0,48.0,34.0,26.3180674883916,62.5586084416773,6.9514011209517,764.759240427298,Alluvial,wheat
41.0,36.0,42.0,21.5116620448204,61.6025065590971,6.42865040244954,650.873004339682,Black,wheat
48.0,49.0,49.0,21.2719903753274,62.7860091477316,6.26610395407878,516.581880489103,Alluvial,wheat
33.0,47.0,34.0,27.8378961352244,51.6455352485748,6.70682115520153,762.726898806553,Black,wheat
37.0,44.0,43.0,20.6981939442189,58.4730496767263,6.80588687861294,692.730990385499,Alluvial,wheat
35.0,44.0,45.0,21.7523790162379,62.9905709475386,6.4644477419608,484.456022435177,Black,wheat
33.0,33.0,49.0,23.5181963282891,52.4878145600854,6.032268112289,528.80983514728,Alluvial,wheat
31.0,35.0,45.0,24.8457557380526,50.60534425681,6.89773627100455,563.703087748603,Black,wheat
34.0,31.0,47.0,26.7465555902355,62.6709844540223,6.10583348933557,779.687136568207,Alluvial,wheat
49.0,39.0,42.0,27.1739867654765,57.6541048215192,6.84115764020315,662.436431688208,Black,wheat
41.0,34.0,30.0,24.09759673205,61.6433508793351,6.02729567736119,676.547997349451,Alluvial,wheat
36.0,36.0,40.0,25.1821300904922,64.7412542831549,6.24834401149858,445.312799203384,Black,wheat
39.0,38.0,35.0,20.9082592059791,62.5803930925694,6.7891464237178,409.338607234343,Alluvial,wheat
42.0,45.0,36.0,24.1961168183056,54.1319192730201,6.31837706319927,652.721154031873,Black,wheat
44.0,30.0,37.0,22.7777836503415,62.1866219455053,6.19489486579896,738.020458625514,Alluvial,wheat
38.0,47.0,36.0,22.4769090714843,56.4312533128204,6.10435547618666,555.973665750386,Black,wheat
36.0,33.0,48.0,21.7432279058687,55.1896630420904,6.53480327439215,431.356216986085,Alluvial,wheat
46.0,32.0,30.0,25.1408604976478,50.5176916782373,6.95384885087997,749.948582111505,Black,wheat
40.0,44.0,44.0,21.7443804171882,57.0972051345145,6.31241522063813,490.044059535426,Alluvial,wheat
44.0,38.0,30.0,22.791819929503,63.3176259064204,6.89488536526672,611.195816833808,Black,wheat
38.0,36.0,48.0,26.6135655170417,64.5503709025595,6.93513549708709,545.705887044016,Alluvial,wheat
36.0,48.0,47.0,26.0813765720478,57.7307944775566,6.95566169536167,589.896535153848,Black,wheat
33.0,34.0,31.0,27.5329180839324,62.3063228108255,6.09988953262931,765.703897157548,Alluvial,wheat
42.0,32.0,34.0,21.6721413339728,50.8210801362284,6.32629186776687,761.059352118863,Black,wheat
45.0,38.0,44.0,20.6892510287713,63.0302051631656,6.65901272360564,556.392572816303,Alluvial,wheat
31.0,47.0,46.0,20.9830952153574,61.9363439460661,6.91746739448115,687.364168396273,Black,wheat
49.0,40.0,45.0,20.9539782633249,53.1310525776467,6.70265030912034,443.812381298273,Alluvial,wheat
31.0,44.0,46.0,22.191824753227,59.5177257979485,6.31511976365612,426.506489103169,Black,wheat
31.0,42.0,34.0,24.9952682367917,59.895114612308,6.12096697767499,688.59020929103,Alluvial,wheat
32.0,37.0,32.0,27.6818571305535,62.238906662739,6.76459595019932,676.060829955611,Black,wheat
32.0,40.0,46.0,27.329155681599,52.764564033194,6.36763208320205,695.533710962235,Alluvial,wheat
36.0,33.0,37.0,27.1468033117615,52.9262020726752,6.80820146582672,725.006789847472,Black,wheat
42.0,30.0,49.0,22.6373408926244,62.9932758949722,6.35154149386591,477.808971503127,Alluvial,wheat
47.0,30.0,43.0,26.8130209979424,61.5030059733057,6.62634475452885,415.24828098455,Black,wheat
44.0,48.0,34.0,21.3400551667459,50.0644560766052,6.80654592509571,513.882054730017,Alluvial,wheat
43.0,31.0,31.0,27.9300236755879,50.2100535664181,6.11470291257795,744.221404735632,Black,wheat
41.0,35.0,47.0,25.6012362254743,54.9426866608118,6.48108623210524,692.113143430689,Alluvial,wheat
48.0,44.0,46.0,23.6629772252836,59.7428817130796,6.36409300320713,567.490126035818,Black,wheat
42.0,43.0,42.0,26.0151293755143,59.9750724106549,6.56225336344304,687.677520105337,Alluvial,wheat
47.0,32.0,34.0,27.1604641434406,50.281409358478,6.05865696641726,422.211390893038,Black,wheat
43.0,44.0,35.0,27.1121402146721,61.1939431268251,6.11535825314427,482.752299421015,Alluvial,wheat
31.0,38.0,34.0,25.5142248476283,62.4214325084369,6.59161004216432,520.028493205485,Black,wheat
30.0,35.0,42.0,24.5571937744529,55.8620864231019,6.09778840186572,780.177077408744,Alluvial,wheat
30.0,46.0,39.0,27.6402349285716,51.9257127731434,6.68566928069355,780.585460007601,Black,wheat
46.0,38.0,48.0,24.4084058068468,56.6694246509197,6.64154943514487,608.326869010955,Alluvial,wheat
36.0,33.0,43.0,26.141978846565,59.6351841503847,6.00542320764476,685.203677928182,Black,wheat
48.0,45.0,49.0,25.2379582704244,60.9451145644477,6.35727894242371,766.475914007115,Alluvial,wheat
38.0,44.0,40.0,23.9341187897532,54.5915589917004,6.66622645073194,458.555151148582,Black,wheat
34.0,36.0,41.0,21.6545136462604,58.5128759593547,6.79084503258428,625.17000421258,Alluvial,wheat
43.0,42.0,34.0,26.9885055391706,54.3629608240688,6.24739474389603,401.090632070751,Black,wheat
41.0,46.0,34.0,24.7762362974292,57.4136697853166,6.38290143844232,687.156142257417,Alluvial,wheat
41.0,32.0,42.0,20.1732486823009,54.9982634082534,6.42449219236081,618.260133644999,Black,wheat
42.0,35.0,39.0,26.2520794233753,52.1866646165995,6.41339062859135,428.300027831646,Alluvial,wheat
30.0,49.0,41.0,23.1272835053413,57.012048886575,6.86600272568653,493.881388271649,Black,wheat
30.0,36.0,38.0,22.2549834200808,58.7560073993985,6.95874304667775,449.066741374778,Alluvial,wheat
41.0,38.0,42.0,26.5617221061927,51.5810298588296,6.49889209545083,652.235472998018,Black,wheat
42.0,39.0,31.0,22.7566138387546,60.151696515105,6.29836757214699,421.590257310604,Alluvial,wheat
43.0,30.0,46.0,23.0029910249314,51.2452370134266,6.78979701628396,700.329384928971,Black,wheat
46.0,34.0,35.0,23.6445494369795,58.7563093926693,6.5379156982404,501.474209640098,Alluvial,wheat
49.0,34.0,40.0,25.2443941006265,63.0207974634501,6.10338216633943,429.491356886459,Black,wheat
38.0,35.0,35.0,20.1803037135513,51.4371726667874,6.87935604904757,715.153446879932,Alluvial,wheat
46.0,36.0,42.0,27.2623386505607,64.6015186634439,6.65044750273826,628.440106119691,Black,wheat
40.0,35.0,40.0,24.527451265386,57.2878663112398,6.71438941054044,783.682641443452,Alluvial,wheat
46.0,39.0,45.0,24.4359693561855,62.0474973001713,6.31370383167454,421.372798278029,Black,wheat
33.0,39.0,37.0,22.3305632997741,52.4959393776552,6.83312595923225,588.086567478176,Alluvial,wheat
40.0,41.0,30.0,27.4562583640874,55.4123346592971,6.64800659661094,782.477461628795,Black,wheat
42.0,37.0,40.0,26.5152210674356,58.2478931561204,6.10509815219239,654.808152252954,Alluvial,wheat
49.0,41.0,38.0,22.5747057212353,58.8541672977134,6.17624744305813,496.031606476713,Black,wheat
31.0,35.0,32.0,27.847640395646,58.9123977995097,6.25327244401269,584.154364657841,Alluvial,wheat
30.0,46.0,33.0,20.6291786004387,51.525570557716,6.38328138547745,483.391598600483,Black,wheat
33.0,46.0,37.0,23.2996651155901,55.9780985724803,6.18237614565991,702.76219855742,Alluvial,wheat
45.0,37.0,38.0,27.1196422874819,53.273053912257,6.71799441501823,400.392486200834,Black,wheat
35.0,31.0,33.0,21.095941388396,57.4634500531569,6.92003450747161,783.782508777179,Alluvial,wheat
43.0,33.0,32.0,27.8442369470902,52.4927122175267,6.0217134403519,605.460776043033,Black,wheat
45.0,37.0,37.0,25.9586652895036,59.3364719988432,6.94164091403329,603.336043350457,Alluvial,wheat
37.0,34.0,31.0,25.8501094640893,60.9017174146518,6.54839892408474,554.613340443701,Black,wheat
48.0,36.0,45.0,27.0563350150081,64.4088326174397,6.65111698198866,613.706895806621,Alluvial,wheat
40.0,44.0,40.0,25.8145407875453,55.012314512655,6.10764803674143,745.49906134957,Black,wheat
47.0,37.0,36.0,24.6908942089631,60.658216269865,6.53922149189987,511.502899657556,Alluvial,wheat
41.0,45.0,49.0,21.6994055759829,60.2279540122549,6.37242132393419,556.831844252804,Black,wheat
41.0,43.0,36.0,22.4385947571141,54.1320616910892,6.49561187534494,767.088103018977,Alluvial,wheat
48.0,42.0,44.0,24.6957661349913,54.6822754396369,6.04130227855848,471.329943418413,Black,wheat
48.0,33.0,32.0,23.1939952701756,63.1984171690749,6.37321979707722,680.943702961857,Alluvial,wheat
34.0,45.0,31.0,27.1756756002152,59.5567308010215,6.69380918856765,640.499462801008,Black,wheat
46.0,32.0,32.0,24.2803556935021,56.9005906823304,6.06404826514937,713.730936629447,Alluvial,wheat
44.0,43.0,46.0,25.3782343848748,56.8885112649678,6.78976476674954,673.235525038672,Black,wheat
42.0,31.0,37.0,27.9780332544473,60.1148548452556,6.43719584833839,577.905891440338,Alluvial,wheat
41.0,36.0,45.0,20.9029028833834,59.3973915836994,6.05150271062291,529.343327906813,Black,wheat
39.0,46.0,40.0,20.918005981475,64.5649171988887,6.16045953467672,436.229687866089,Alluvial,wheat
31.0,40.0,34.0,27.498878199933,57.2049854333096,6.66242539055506,449.348196943105,Black,wheat
35.0,49.0,33.0,22.7748487489728,56.613850654957,6.13732788994428,689.722089709783,Alluvial,wheat
43.0,33.0,46.0,20.2486178124999,60.2352721407792,6.85453245410084,502.486072521067,Black,wheat
49.0,40.0,40.0,20.8492107860218,58.3378617393057,6.89378631921627,468.939083286573,Alluvial,wheat
42.0,43.0,33.0,23.8829552274634,54.3798525898343,6.32697025986361,672.626177228743,Black,wheat
37.0,49.0,43.0,20.3242662746102,58.6122242367631,6.15768441465411,684.811530233432,Alluvial,wheat
30.0,40.0,46.0,22.5482842614702,59.1628667894471,6.2499690654424,606.334518739554,Black,wheat
45.0,45.0,42.0,27.4048986579056,55.9547391332851,6.19376691497559,525.939832275073,Alluvial,wheat
45.0,34.0,41.0,20.555241274818,62.7729485184843,6.28834348654403,681.948850536259,Black,wheat
49.0,45.0,39.0,25.8288822991026,52.7782504057144,6.8802625157875,466.650986580016,Alluvial,wheat
26.0,37.0,22.0,30.1221975310432,56.9490937777267,6.57969364911032,687.010184788099,Red,groundnut
22.0,39.0,24.0,25.1189438235885,52.0273261777655,5.95201148460774,634.419551810722,Black,groundnut
36.0,21.0,20.0,24.4493153228813,45.0732467095613,6.13045750499428,527.487327257134,Red,groundnut
38.0,36.0,33.0,29.295367563805,58.2188556345539,6.63953150973435,481.771717145342,Black,groundnut
21.0,20.0,27.0,30.0480238901052,51.6617008392746,6.53689926192665,656.592246403087,Red,groundnut
33.0,25.0,31.0,30.2406099579136,50.3024072629922,5.8493999837595,435.681401803307,Black,groundnut
33.0,37.0,32.0,26.2395543737747,47.6998531897453,5.60263557507396,539.203110737132,Red,groundnut
37.0,31.0,37.0,28.5584272692717,59.3512545443015,5.88311219168864,556.350475567393,Black,groundnut
30.0,31.0,37.0,29.4377714062854,54.2656783450479,5.55356360872643,578.051814602422,Red,groundnut
20.0,32.0,34.0,28.9887890511693,45.8085398513706,6.17046216634231,663.770843770673,Black,groundnut
32.0,31.0,28.0,26.1616077386147,51.1488360113913,6.18594933325103,489.805843624217,Red,groundnut
37.0,35.0,33.0,25.8697453026309,58.5478587265176,5.51977130471954,471.352311441094,Black,groundnut
24.0,31.0,26.0,28.7415809597424,51.5901162307866,6.51505826808987,427.105246165313,Red,groundnut
22.0,38.0,28.0,24.7052871164621,49.846457428847,6.68063749257257,494.301713445521,Black,groundnut
39.0,32.0,30.0,29.7798168000038,49.8247535611678,6.40546405983006,500.846432154066,Red,groundnut
27.0,33.0,27.0,31.3084654635555,53.0557695514027,6.46226049843135,434.125731484477,Black,groundnut
37.0,22.0,30.0,25.9034879298112,56.5063985538551,6.18135262617222,483.143134525887,Red,groundnut
34.0,30.0,33.0,24.2719530075513,47.879816927144,6.29193653414496,582.675987560104,Black,groundnut
33.0,30.0,25.0,31.4339018666272,50.9712326700782,6.39935627493696,525.373600472477,Red,groundnut
39.0,22.0,21.0,31.5029182559297,50.6024280020452,6.25585701141755,612.247095945671,Black,groundnut
35.0,36.0,24.0,25.1629059665456,48.2376839470763,5.94088822841373,416.982478184384,Red,groundnut
28.0,33.0,37.0,26.7461545099133,56.312676435743,6.42895521474226,566.67158254862,Black,groundnut
22.0,37.0,25.0,29.919968010785,57.3612236785513,5.9231778764849,408.552388319327,Red,groundnut
28.0,29.0,33.0,31.1825770973651,59.727524470842,5.7692667911073,474.150373046688,Black,groundnut
36.0,25.0,35.0,27.2994338722354,46.3309767425769,6.2468939955518,599.095136065065,Red,groundnut
27.0,33.0,29.0,24.4912905129819,51.4364645589982,6.09020150854328,537.207297061536,Black,groundnut
26.0,25.0,24.0,31.5277034309547,52.1131250503732,6.54239792999989,420.054064820038,Red,groundnut
27.0,38.0,34.0,28.2303193411523,48.3880213693646,6.42234403691804,550.850885308954,Black,groundnut
23.0,22.0,27.0,30.7361869096311,58.1034772566346,6.28208546871003,410.281443113117,Red,groundnut
35.0,38.0,21.0,24.3159037895648,54.7903583257347,5.82680683105574,453.587360332611,Black,groundnut
30.0,23.0,35.0,24.6568752119508,52.4134365899212,6.39876310099227,529.239054388026,Red,groundnut
21.0,35.0,23.0,30.4687004015043,55.3924828964599,5.57545026783898,631.600881952925,Black,groundnut
32.0,35.0,29.0,29.0689351557131,50.9085511008684,6.2548294420398,684.032794388157,Red,groundnut
33.0,39.0,33.0,28.0631653622379,47.9149305130088,6.46202590280588,443.487807634787,Black,groundnut
20.0,20.0,26.0,24.7383547555626,48.0022667570843,5.7343716274048,641.764910034454,Red,groundnut
29.0,22.0,24.0,27.565521543658,50.975384045286,5.78332803726509,488.812977656787,Black,groundnut
22.0,34.0,29.0,28.3162898491477,49.2226518445322,6.50069074639961,411.244624771771,Red,groundnut
33.0,28.0,34.0,25.5900011583726,52.6104150492044,6.21848446603243,431.441512784769,Black,groundnut
26.0,24.0,20.0,24.5672161907193,47.0881796238722,6.24557546764473,400.628426900088,Red,groundnut
24.0,35.0,20.0,29.2982090889821,57.8624091877478,6.36234693867293,693.211945292959,Black,groundnut
20.0,22.0,30.0,25.9234791913942,58.539847452801,5.96127467236629,642.351144624433,Red,groundnut
23.0,36.0,21.0,30.4747723459402,50.3799881453792,6.12452603396363,426.278646190765,Black,groundnut
26.0,28.0,26.0,27.0074177958639,51.8066698399331,6.44580539991287,504.630724066535,Red,groundnut
25.0,32.0,32.0,25.403173592285,46.478610491585,6.49398402686463,405.95973130535,Black,groundnut
39.0,21.0,39.0,25.2160113916404,57.9688374816806,6.58411155494164,454.999059617098,Red,groundnut
34.0,33.0,37.0,27.9172245205956,57.191269064241,5.63135144903914,521.028399979268,Black,groundnut
21.0,23.0,29.0,30.8383292595783,50.9808122470672,6.53418179827244,565.654234249145,Red,groundnut
37.0,30.0,25.0,29.8379579059254,45.7552037072642,6.60614236406119,433.144787454198,Black,groundnut
34.0,20.0,39.0,24.8852770329748,58.5107886438389,5.63167030845347,644.140739412583,Red,groundnut
33.0,31.0,27.0,27.1629495507074,56.0107421780318,6.18869546906893,611.786127634198,Black,groundnut
31.0,30.0,36.0,25.4934072525735,56.5550480098772,5.90703034557065,650.448731411733,Red,groundnut
25.0,29.0,31.0,26.3039320056856,59.1192381209614,6.40835971254653,541.183479496052,Black,groundnut
27.0,23.0,39.0,27.7407961659245,45.8923043532002,6.30644148991425,560.059129041454,Red,groundnut
37.0,34.0,24.0,28.1298899213801,54.5722691683349,5.90824311143646,430.053492262468,Black,groundnut
32.0,27.0,23.0,31.3000862301246,49.5243802407051,5.96298343383154,641.168829154676,Red,groundnut
25.0,33.0,34.0,30.99241137115,59.3963293414972,6.70980504008231,521.313261809237,Black,groundnut
31.0,23.0,32.0,27.7176286876402,53.3770691418192,6.07442185693768,436.511765443531,Red,groundnut
39.0,31.0,20.0,30.508547627029,56.2711222995415,5.55986311779036,563.767088182653,Black,groundnut
26.0,34.0,33.0,27.9203471042908,56.9425854445265,6.14220201604509,684.166854976753,Red,groundnut
27.0,37.0,34.0,29.6124046641696,54.9297764148916,5.68676153776302,680.08379821468,Black,groundnut
39.0,39.0,34.0,25.7930350665814,50.9464476181091,6.35145532231075,650.760177545091,Red,groundnut
25.0,21.0,32.0,25.3673941883943,51.2336484206436,6.35820126341028,610.99148425257,Black,groundnut
25.0,35.0,25.0,24.8999377646483,58.6960578171772,6.03281095007629,682.291623449917,Red,groundnut
39.0,38.0,28.0,28.3358359627074,55.1800541128075,6.64791091625431,632.127361643171,Black,groundnut
32.0,32.0,25.0,27.2327464267113,46.6497372204391,5.78562832107349,560.012634828984,Red,groundnut
26.0,28.0,28.0,25.5664437768274,54.6975832546234,6.79871729721035,634.077901610438,Black,groundnut
39.0,37.0,29.0,27.0548497413344,51.6536284248125,5.91049008336988,680.049618225133,Red,groundnut
20.0,37.0,39.0,27.5406890336137,49.7166251154121,6.76896161414734,690.956472781662,Black,groundnut
33.0,27.0,32.0,29.0240252461788,45.0171784381773,5.92935625797794,459.945952147192,Red,groundnut
32.0,26.0,35.0,25.0555976095206,52.6942952793914,5.79534395288378,610.966395999935,Black,groundnut
20.0,38.0,21.0,27.4659889019338,46.737901645982,5.94210719910506,613.963485384983,Red,groundnut
24.0,22.0,30.0,28.1590664243644,53.4463339330868,6.75566670978946,631.495920752283,Black,groundnut
23.0,32.0,38.0,28.8245855941784,55.326535107419,5.81306028733567,607.255962672265,Red,groundnut
31.0,39.0,36.0,28.1175646905694,53.5937535420378,6.59839246224684,659.848321895035,Black,groundnut
26.0,20.0,20.0,30.6826411796767,52.5819068885283,5.50359924559201,687.062982646034,Red,groundnut
29.0,23.0,26.0,24.3448437058528,53.0917840218592,6.6289621402223,617.09392164095,Black,groundnut
23.0,33.0,22.0,26.5825762872615,51.6777893999901,6.58162338023734,542.70787968957,Red,groundnut
27.0,20.0,36.0,30.7813260960169,55.0838355357701,6.76675267518724,615.582012526085,Black,groundnut
27.0,31.0,35.0,31.2368153687614,50.7105744366494,6.02127875103273,480.543384577322,Red,groundnut
26.0,27.0,20.0,31.845627114216,55.834554004732,5.64609382185656,501.649890420126,Black,groundnut
35.0,37.0,28.0,31.2106272504241,57.569188968967,6.39087288561961,632.870941039968,Red,groundnut
20.0,27.0,28.0,31.2828005614734,45.0596888752573,6.79260119601159,680.642380397263,Black,groundnut
25.0,32.0,30.0,29.9233369018002,54.9941414682118,6.28708117515426,602.464501449518,Red,groundnut
21.0,28.0,32.0,30.4323526219415,50.8361163974649,5.82686189053269,654.843097667928,Black,groundnut
25.0,22.0,24.0,26.9430669597929,47.2076169027441,5.6242493902865,516.84582435044,Red,groundnut
32.0,22.0,38.0,28.9491663248044,53.635486343323,6.48270452717688,469.885716094997,Black,groundnut
22.0,32.0,39.0,26.1398815612213,45.4790777470255,5.70174032643879,540.285540835778,Red,groundnut
33.0,33.0,29.0,31.179921613552,53.9406478022892,6.42770733679695,585.97709043297,Black,groundnut
23.0,36.0,28.0,27.6894036705165,57.9777476017324,6.70228672792509,502.802702583641,Red,groundnut
28.0,36.0,33.0,26.8529002642665,53.8159710588993,6.61430605499797,588.045867043739,Black,groundnut
26.0,33.0,22.0,29.1402660019804,51.1166089136084,5.71226111966285,647.00129442733,Red,groundnut
25.0,26.0,35.0,24.6872017084656,48.3032842112264,5.56486014814194,519.411667910447,Black,groundnut
20.0,28.0,32.0,30.3058992113467,55.3213220764814,6.64555075608191,627.5150625942,Red,groundnut
27.0,22.0,22.0,25.9694041209125,58.9317959968625,6.48469768297756,432.000529308255,Black,groundnut
27.0,29.0,34.0,25.0168461741512,48.3484376237889,6.5451782838358,640.123426940549,Red,groundnut
29.0,38.0,32.0,26.4768775661114,45.7745692927273,6.3761982179935,671.55416653793,Black,groundnut
25.0,28.0,21.0,25.3731734967346,50.7574103185961,6.34740165636696,666.383063933685,Red,groundnut
21.0,20.0,20.0,28.0342941123515,52.9558308722827,5.85736767197135,527.129027020804,Black,groundnut
38.0,27.0,36.0,29.2706927959423,49.0146351362218,6.08421803834586,498.45176608323,Red,groundnut
32.0,23.0,22.0,28.8051052963445,48.9688109574552,6.70357253312036,443.106940483585,Black,groundnut
35.0,23.0,33.0,26.7653786829313,52.5994072131443,5.60237464517482,558.265950574353,Red,groundnut
37.0,31.0,39.0,28.2531743208193,47.2399863975938,6.69083180356692,514.304033237893,Black,groundnut
26.0,26.0,33.0,31.1248417458687,51.3775096000028,6.39066086539219,603.204047746996,Red,groundnut
24.0,25.0,34.0,31.7206804356097,53.2662365975334,6.70349948098467,495.533315464703,Black,groundnut
37.0,28.0,30.0,27.7330555785072,55.6641973269555,6.0605478590601,613.427550812999,Red,groundnut
36.0,28.0,39.0,29.9938939519918,46.0973808779759,5.98406220938462,557.516027907774,Black,groundnut
39.0,36.0,36.0,26.9425020016316,59.6914282124857,6.22489142683183,476.030314326472,Red,groundnut
27.0,38.0,31.0,30.9203068804387,57.8940015514928,6.13565936361776,492.108739101367,Black,groundnut
24.0,28.0,21.0,27.1085184426035,45.5594069706743,6.46513099905155,626.300885194987,Red,groundnut
23.0,35.0,30.0,31.203218791546,45.5885795013146,6.67121549377998,564.437847625962,Black,groundnut
39.0,25.0,23.0,25.2749614824171,51.9861988498503,6.3509851208393,630.694934726283,Red,groundnut
21.0,39.0,29.0,28.8459812821994,56.0753232281727,6.43407062022238,459.527934705296,Black,groundnut
31.0,38.0,32.0,25.3217794193741,55.8863839812435,5.80202562385356,599.403362744047,Red,groundnut
25.0,36.0,38.0,24.8836743083556,59.0333097451653,5.89849354838718,534.95630827062,Black,groundnut
34.0,27.0,32.0,31.1202105186248,49.6754746794224,6.61242956733671,479.735313894546,Red,groundnut
31.0,36.0,36.0,27.3809522468192,48.6318063755678,6.50600104177489,692.171285329091,Black,groundnut
34.0,35.0,32.0,25.9137234846366,57.974712181226,5.51619589539556,477.024705506422,Red,groundnut
25.0,30.0,31.0,26.8705826643679,54.4247225087726,5.68987121370286,604.198068529629,Black,groundnut
26.0,27.0,20.0,29.9430932276208,59.9240251608043,6.24788645733221,489.745073735994,Red,groundnut
28.0,32.0,26.0,25.4393658926199,45.5153090238457,5.61826399303103,573.479325935945,Black,groundnut
25.0,23.0,30.0,30.7407396617617,46.688169696701,5.50750377665508,486.920936194947,Red,groundnut
32.0,28.0,37.0,26.0876883546341,54.8031259573387,5.58777684181456,519.964330101041,Black,groundnut
21.0,25.0,27.0,28.116829033546,55.936731453587,5.91433162020785,443.258495309752,Red,groundnut
35.0,27.0,25.0,24.3264921890801,53.2243354133674,6.71307582450329,455.618404777881,Black,groundnut
32.0,35.0,33.0,31.6808796497146,54.0914628810955,6.26946385801122,443.4277060347,Red,groundnut
27.0,21.0,26.0,28.4750434365181,53.7265775901493,5.51612738044782,500.76379517083,Black,groundnut
33.0,20.0,22.0,30.3614129130951,58.2338414341561,6.5770585409795,516.181830178643,Red,groundnut
38.0,21.0,23.0,28.1208016848416,54.734130752,6.34152481392499,636.230981087952,Black,groundnut
22.0,29.0,33.0,28.3044733110726,58.7733675974889,6.21960912159626,605.228399161205,Red,groundnut
25.0,38.0,29.0,31.1653443164327,56.6805363118889,6.00152241442653,665.594326049939,Black,groundnut
29.0,27.0,29.0,27.2798641727285,59.6686358309038,6.64124742587468,556.314266364867,Red,groundnut
29.0,26.0,21.0,25.1235050081703,53.1456133170848,6.11681784305503,484.064441012987,Black,groundnut
23.0,38.0,37.0,29.5229456545453,50.621883383285,6.52199893908952,410.290231660254,Red,groundnut
25.0,29.0,32.0,24.0798334076586,51.3897414493848,6.20059368579646,591.874783822174,Black,groundnut
23.0,25.0,38.0,28.8177856085179,52.0643226155187,6.22223847858297,475.057120186764,Red,groundnut
26.0,21.0,31.0,27.3646261509372,57.8959788146636,6.55129427199951,679.759306036311,Black,groundnut
22.0,36.0,37.0,29.9920137976844,59.1068777492753,6.69849052315715,605.265920769144,Red,groundnut
30.0,30.0,32.0,27.7297748192239,52.2046120689975,5.96514273173624,626.368043560565,Black,groundnut
27.0,28.0,36.0,28.7557032294602,48.0098637670251,5.72059365139328,552.74451703475,Red,groundnut
34.0,33.0,27.0,26.8230996397365,47.7047344100791,5.71328909175621,408.493490561275,Black,groundnut
37.0,24.0,35.0,31.6662638302045,48.519541583113,5.71345996182971,517.819743337103,Red,groundnut
27.0,27.0,36.0,31.7609733689665,58.7761236754665,5.67059538121685,412.36156964095,Black,groundnut
34.0,36.0,26.0,24.9707139091437,45.6815050011972,6.55141413527338,548.183976385123,Red,groundnut
30.0,33.0,39.0,29.5221468801261,45.0619951291866,6.73966254101807,545.792111725091,Black,groundnut
30.0,29.0,23.0,25.0171729111956,51.1084298863239,5.99827738258941,418.518938800696,Red,groundnut
37.0,23.0,20.0,26.6084232072571,55.0408985738533,6.73275520397361,448.882940114727,Black,groundnut
30.0,22.0,30.0,24.8771247717659,54.2539870166672,5.79078977072911,543.098551396968,Red,groundnut
39.0,26.0,26.0,25.1068447230967,45.326661119382,6.30462894292206,593.602780214543,Black,groundnut
38.0,37.0,22.0,29.3844145781595,52.8369627611057,5.65951740303811,504.605350616286,Red,groundnut
35.0,33.0,22.0,28.9846538908306,52.7753985922035,6.50703930522237,505.587644278407,Black,groundnut
31.0,37.0,32.0,25.883125800939,54.6387560822942,5.78900810601105,435.018871203066,Red,groundnut
39.0,20.0,32.0,24.6187782635352,55.9685591997179,6.25591000628144,551.003073998994,Black,groundnut
20.0,33.0,35.0,28.5181065593732,45.7570752359341,5.97506775715431,542.497782294738,Red,groundnut
24.0,29.0,21.0,29.2287729293723,48.6313965719805,6.67710028220462,637.925934406599,Black,groundnut
26.0,22.0,21.0,28.8584597126932,46.8080129165018,6.20752536402153,619.746607308112,Red,groundnut
36.0,23.0,27.0,31.451242130146,46.1275473736832,6.02274361015133,661.366034203308,Black,groundnut
20.0,31.0,35.0,27.6310498034324,50.1486574460465,5.99246035043494,661.380907389581,Red,groundnut
25.0,30.0,39.0,31.5187663109696,50.3373142679897,6.40148408787721,430.407052647019,Black,groundnut
29.0,38.0,28.0,28.3787773847997,54.0270525446256,6.34505849938899,574.630856825119,Red,groundnut
39.0,21.0,32.0,26.0309367856649,54.4461088950203,6.15622374067543,475.498599846087,Black,groundnut
34.0,28.0,31.0,27.0085910438305,40.9854843316332,6.49487916925459,568.660652681109,Red,millet
31.0,28.0,33.0,27.8848304611806,54.3475126915525,5.64091400407277,488.757471079216,Laterite,millet
34.0,23.0,29.0,34.650778205996,42.0425660248007,6.27459088909324,529.427417477462,Red,millet
25.0,28.0,26.0,33.1012779552885,49.5175875152349,6.14926567672234,489.893335719759,Laterite,millet
30.0,23.0,23.0,27.041511480936,49.41022151249,6.25272533574469,514.398004213392,Red,millet
21.0,27.0,31.0,27.917007655221,54.2035507744998,5.70697192999231,376.41798503797,Laterite,millet
23.0,33.0,31.0,31.6850369495904,49.4021217214682,5.69683736520537,404.723796892537,Red,millet
22.0,28.0,24.0,31.8189933685346,48.1416752102448,5.84399633917828,487.799042763265,Laterite,millet
29.0,31.0,24.0,34.4779423879993,55.0630124185905,5.78130189103554,380.252346569064,Red,millet
22.0,26.0,24.0,28.2218905542127,52.1178341073912,5.81980021964359,584.181757536732,Laterite,millet
29.0,26.0,21.0,27.8115402322281,51.7285362189206,6.17705264750552,313.383286540432,Red,millet
25.0,25.0,20.0,27.5972642786435,57.2222013828709,5.78567162265646,345.609614778078,Laterite,millet
25.0,30.0,27.0,27.6080855422289,49.4387755436259,6.11918874041803,491.997999708648,Red,millet
28.0,21.0,34.0,34.2987110440876,42.6867063484017,6.29282230316219,451.375173043554,Laterite,millet
30.0,28.0,23.0,34.0328958501459,52.545610388306,6.15726460770378,449.852966033797,Red,millet
21.0,23.0,23.0,30.5899619341902,41.7601812067247,6.30696480792936,515.36397375581,Laterite,millet
29.0,29.0,24.0,26.1286105819394,45.1533870596019,5.66796334815499,358.015331954967,Red,millet
25.0,28.0,31.0,26.6997710502455,48.5485868457014,5.69849800782921,372.557145820423,Laterite,millet
25.0,25.0,26.0,33.0409192301295,46.4963345586066,6.3077273948226,466.529957537494,Red,millet
32.0,32.0,32.0,34.3020433222807,57.5773278627187,6.42558408860094,558.69299010786,Laterite,millet
23.0,26.0,23.0,25.8436681273541,43.4845292173163,6.05500876292698,371.525944417472,Red,millet
30.0,22.0,33.0,32.9797126021594,56.8685611848693,6.01010301268069,405.427840026092,Laterite,millet
24.0,25.0,25.0,26.2742443947427,46.4929253832533,5.94719723974098,545.093247317384,Red,millet
23.0,23.0,28.0,32.0157050754083,46.8661402598545,5.7409767487654,375.450516669925,Laterite,millet
26.0,33.0,32.0,28.260341304964,48.2066067625558,6.04569068927472,566.988837944817,Red,millet
31.0,25.0,29.0,33.5860765523029,59.4565090137884,5.84387259802912,466.202011880271,Laterite,millet
21.0,23.0,20.0,32.9458271002705,41.3217945601832,6.15779503335647,575.881998845846,Red,millet
28.0,22.0,20.0,31.0378833114939,48.099766393002,5.9905265366285,387.296946848566,Laterite,millet
29.0,22.0,30.0,27.8615410916201,57.9854669919278,5.74715817297998,305.770475431497,Red,millet
30.0,28.0,31.0,30.8951879333929,51.7308157918003,6.2774771651382,318.67285259984,Laterite,millet
24.0,24.0,23.0,32.0366396395874,51.2545377227062,5.71336082319729,409.134061494188,Red,millet
26.0,30.0,33.0,30.4060853861483,47.8782754652987,6.04600475573932,597.220873558627,Laterite,millet
27.0,25.0,31.0,34.2917553607908,40.5769616217684,6.30379734373625,395.621825049985,Red,millet
31.0,21.0,26.0,25.8358674139582,57.8818167948732,6.26682580180134,596.490309530389,Laterite,millet
24.0,25.0,23.0,31.3449572906897,50.0411739978462,6.08494349039512,351.526117433033,Red,millet
29.0,33.0,29.0,25.6065979807275,42.5391768404995,6.04915977760453,307.104748966106,Laterite,millet
23.0,33.0,20.0,25.3684722866558,56.2228038823485,5.76576430943788,446.755975346911,Red,millet
23.0,31.0,30.0,27.6443913472873,44.9724097551824,5.58480710507243,366.065532023963,Laterite,millet
30.0,32.0,21.0,34.9528764906275,47.3235010073588,5.63758570777034,382.81007507271,Red,millet
28.0,31.0,30.0,32.5171162797222,57.1043675370462,6.34814436287472,590.108031353215,Laterite,millet
25.0,28.0,23.0,26.340715836257,58.0223548392448,5.6517370110219,376.894628293681,Red,millet
31.0,29.0,24.0,25.5962309535152,45.9032645589423,6.17743855674681,322.355056943274,Laterite,millet
27.0,27.0,32.0,27.4644537869062,48.6324614857793,5.7483964361706,338.814506401426,Red,millet
26.0,24.0,34.0,33.4901872262004,58.6968255204938,5.60996699685301,436.105972524703,Laterite,millet
33.0,24.0,31.0,25.155726889553,40.3421379151528,5.53248805845368,567.703889253924,Red,millet
33.0,23.0,20.0,25.9962951295125,59.2694956517979,5.93729429943591,571.144818712256,Laterite,millet
21.0,23.0,30.0,26.1603740986566,45.0452019989353,5.84834446504245,499.32172063387,Red,millet
25.0,22.0,30.0,29.7030279274683,47.301509791925,5.79007691235605,550.786813478089,Laterite,millet
23.0,34.0,33.0,31.4301781475969,55.376626409611,6.07279832691798,510.394644344915,Red,millet
30.0,24.0,23.0,34.9347311366863,59.2369078203612,5.64445113416187,591.733338333857,Laterite,millet
26.0,32.0,34.0,26.3109988177392,47.0563495151721,6.31304974826911,400.090022285065,Red,millet
27.0,32.0,31.0,31.8850669787197,47.6375566185401,6.03494469195606,459.715585413699,Laterite,millet
26.0,34.0,24.0,33.4793057828905,53.108473304834,5.88488636346623,536.739499951246,Red,millet
20.0,23.0,20.0,30.8331513143845,53.7142350517343,6.08502888703395,380.275992217687,Laterite,millet
25.0,26.0,27.0,26.3168462870469,59.7486237704881,5.51924212605565,569.629555421137,Red,millet
25.0,24.0,31.0,32.1240982002439,51.5275731508486,6.07495674187213,443.357727392896,Laterite,millet
26.0,31.0,29.0,31.3102988079562,53.5607942599212,6.09319415111835,590.32603457139,Red,millet
23.0,24.0,20.0,25.1277417271149,46.5944875427282,6.1723657223953,523.975388351337,Laterite,millet
30.0,29.0,34.0,34.8427346313802,49.9915687647533,5.6847613081592,466.774281096159,Red,millet
34.0,28.0,21.0,33.0763965891319,54.8231392421654,6.02792796053259,510.122195184049,Laterite,millet
29.0,23.0,26.0,30.0152563942136,47.9349338886519,5.63966946606087,582.178299089965,Red,millet
22.0,27.0,30.0,26.5270695936044,57.6916378316789,6.26710673400984,428.643804061042,Laterite,millet
25.0,25.0,20.0,28.5490582499464,50.1977170284675,5.65117602739224,504.375937166894,Red,millet
25.0,25.0,20.0,30.6484691593764,57.265366721239,5.78749899909941,497.513122228373,Laterite,millet
23.0,20.0,22.0,28.5133171540557,46.816838536056,5.56041310575262,378.950743761169,Red,millet
21.0,34.0,20.0,27.3457390140101,42.619621142335,5.62865850349095,504.911734519343,Laterite,millet
21.0,34.0,29.0,27.3335364455427,45.4341743051513,6.38177289167894,323.214931127476,Red,millet
20.0,34.0,33.0,30.9555328656851,45.2903424861365,6.43298230199578,480.254551124661,Laterite,millet
29.0,33.0,23.0,30.3802651525722,59.7826798140518,5.67272488135027,479.022913008567,Red,millet
20.0,22.0,30.0,25.7804261263166,42.4759373241674,6.1058285379927,442.157538314131,Laterite,millet
32.0,31.0,33.0,33.3799220949646,45.8404614825743,6.09533066169967,384.354107332554,Red,millet
32.0,24.0,23.0,33.3545484559463,53.803337914651,6.23983344784921,441.078964302889,Laterite,millet
34.0,33.0,32.0,29.3950835688009,42.2686665121279,5.83149280130881,502.253012986432,Red,millet
26.0,28.0,34.0,25.8630806208244,53.670366472894,6.17300233299708,553.416273965733,Laterite,millet
33.0,27.0,27.0,28.5424841767599,41.0660525528403,6.16065790091157,301.461555720722,Red,millet
34.0,32.0,24.0,32.7568549120492,44.2917223466919,6.1862820684604,367.647910976365,Laterite,millet
22.0,31.0,25.0,33.582010706197,43.850498241143,5.6404120914985,507.572080613856,Red,millet
25.0,30.0,33.0,31.378373294335,58.2579786029113,5.67462148309231,342.661636905281,Laterite,millet
32.0,28.0,22.0,32.4178576041057,42.1630471816449,6.47840479407601,455.655555682453,Red,millet
31.0,22.0,25.0,33.911431590938,59.4355656133438,5.82388815436476,497.339802573909,Laterite,millet
26.0,24.0,23.0,33.3625510669098,46.432041704088,5.86740939472554,385.20671079866,Red,millet
32.0,32.0,21.0,26.1645531186041,46.4220642061579,6.30166651299637,451.055353509262,Laterite,millet
24.0,26.0,29.0,26.5734470803095,58.6791844930835,5.57438152132011,506.976616629247,Red,millet
30.0,27.0,28.0,30.2454142289472,58.0027990456444,5.5486766114527,533.117235775685,Laterite,millet
23.0,21.0,30.0,31.8211033605544,45.6919774116095,6.06611715890406,303.51878157937,Red,millet
25.0,23.0,34.0,26.7891038462677,53.1860972059979,5.57508893668189,480.468710771876,Laterite,millet
21.0,30.0,25.0,31.7396923630644,41.5379243500136,5.67461223817051,314.499424884762,Red,millet
21.0,34.0,28.0,29.8304205355477,45.3074361245791,5.51017183365087,570.996715707324,Laterite,millet
26.0,23.0,27.0,30.7295373139286,57.5455137725843,5.8376506285973,304.078997959785,Red,millet
21.0,24.0,23.0,34.786971015353,47.9284980148024,5.55177957134417,599.988022317961,Laterite,millet
28.0,27.0,30.0,31.1171304770853,54.6765101832901,6.25215216140954,428.043291070764,Red,millet
26.0,25.0,27.0,30.8982824653254,43.544530794546,5.93225225432958,569.329970913414,Laterite,millet
33.0,29.0,30.0,29.7033820500733,52.0999725083229,6.45546688661054,462.733115750516,Red,millet
26.0,26.0,24.0,33.9127447713674,46.2775955617936,5.79087496735311,469.865325136234,Laterite,millet
30.0,26.0,24.0,34.2504452865634,43.3233195898775,5.5922888735453,537.421901463175,Red,millet
29.0,21.0,33.0,25.7226659895608,53.2859371044796,5.82767012001843,402.668098742793,Laterite,millet
31.0,32.0,26.0,29.828306316125,48.6986656345728,6.2770029293752,503.038560804061,Red,millet
29.0,28.0,31.0,31.3438168115694,54.5607453306784,5.65072352696813,542.377015824884,Laterite,millet
33.0,28.0,29.0,28.4776137333942,48.4856188950925,6.14766540927216,568.416868813298,Red,millet
21.0,24.0,25.0,29.9893766918384,40.695901400749,5.56283771323139,409.924311710829,Laterite,millet
27.0,33.0,25.0,33.0222945352263,48.6771659339137,5.84283860642646,580.541095774253,Red,millet
33.0,21.0,26.0,28.0487420235202,55.6358355590188,5.91600225602906,335.275611637634,Laterite,millet
34.0,20.0,32.0,26.8199677797645,50.5466488573105,6.26119147576549,594.887157005769,Red,millet
22.0,31.0,31.0,32.8847936873338,43.0350507759827,6.30786516979407,580.926317233539,Laterite,millet
20.0,20.0,25.0,33.0227543392855,48.2765732486232,6.23873272053534,343.254705565306,Red,millet
28.0,27.0,30.0,26.9330383624254,57.7206217879199,6.17992815860092,484.527239651423,Laterite,millet
33.0,32.0,30.0,27.9838098506323,54.0669621041147,6.10783325932914,310.54756556997,Red,millet
28.0,22.0,28.0,28.7914322010742,57.1492730921537,6.13519337379123,596.31322698321,Laterite,millet
31.0,26.0,29.0,26.0093141170795,53.5536495280053,5.7830964666172,526.106976634505,Red,millet
33.0,26.0,33.0,32.7686362550728,41.7052250546878,6.12892125749334,507.130423491903,Laterite,millet
23.0,22.0,31.0,32.1693804489948,42.489917449476,5.88810844576045,494.304177738994,Red,millet
32.0,22.0,22.0,28.603878404148,55.117977301719,6.48163521155334,423.107712664889,Laterite,millet
26.0,30.0,32.0,28.7643677228496,59.7425218917515,5.75223557342915,576.90839265928,Red,millet
24.0,32.0,22.0,32.8440823965871,53.8388716589639,5.59227716018822,465.095322089859,Laterite,millet
31.0,20.0,26.0,31.8697511579559,44.9869002384547,6.39327999134868,406.510353510961,Red,millet
20.0,31.0,25.0,25.7759944007156,46.0915370789732,6.31857690186329,335.691536592762,Laterite,millet
23.0,25.0,21.0,27.0343562557174,54.0575829093548,6.12330577415332,565.169900734032,Red,millet
25.0,32.0,31.0,26.0880490761013,49.6899574375693,6.47595399040381,339.566493581902,Laterite,millet
24.0,26.0,24.0,30.4733266433128,52.2093042249309,5.66695221718304,333.462471641428,Red,millet
34.0,24.0,28.0,25.5288892711569,56.7026774101037,6.07211112340341,454.285643764015,Laterite,millet
25.0,21.0,34.0,32.0504104387223,57.2862541512108,5.82619887022693,566.773383892036,Red,millet
32.0,27.0,22.0,27.3282343752897,51.4967502462157,5.87042793581509,385.170403538023,Laterite,millet
33.0,23.0,25.0,31.2518271906326,45.6546346667431,5.94295509143344,584.468274643564,Red,millet
28.0,24.0,29.0,25.5371032662111,45.6403595582898,5.84575233751339,495.299826894792,Laterite,millet
21.0,26.0,32.0,31.4649194953794,42.5351908640682,5.98165920901087,387.027036679082,Red,millet
27.0,29.0,32.0,27.4207517230109,40.867397433725,6.44103797925176,473.781317060351,Laterite,millet
33.0,29.0,20.0,26.1539933250085,51.1501688842694,5.59955099089026,447.427812863878,Red,millet
34.0,32.0,34.0,27.607523874743,47.8576148341181,5.92151211884673,429.213841892144,Laterite,millet
20.0,33.0,32.0,27.3498790663808,58.654328897436,6.46110679687514,371.834871938616,Red,millet
29.0,24.0,27.0,26.4152265619943,46.1109238565177,5.8545845686845,577.595544424454,Laterite,millet
26.0,27.0,29.0,25.8193098722432,48.2195228551993,6.41841581338148,374.876811120853,Red,millet
27.0,27.0,20.0,30.080303655252,44.1374674117133,6.01695150336042,450.54193530202,Laterite,millet
28.0,32.0,27.0,25.7865826041643,45.0089937272793,5.79248279284548,403.455822551138,Red,millet
27.0,28.0,22.0,28.9422963095997,53.774340826673,5.53104555826852,367.632962629964,Laterite,millet
25.0,31.0,22.0,30.4442310322082,46.3309713534867,6.4962069780266,345.712181609328,Red,millet
33.0,32.0,30.0,33.7148898067256,55.2390376714635,6.40371091734532,575.043708956877,Laterite,millet
20.0,23.0,32.0,28.2971061272943,51.9462642601374,5.9951088688043,568.199015670384,Red,millet
34.0,32.0,21.0,29.9507169766448,43.8494449608124,5.50139499437071,507.081334646411,Laterite,millet
21.0,26.0,23.0,27.2402208943331,48.5577999397612,6.18244826573288,496.498192886921,Red,millet
33.0,28.0,27.0,29.2845722996308,41.992932834026,6.18713363508951,381.286426091838,Laterite,millet
29.0,20.0,34.0,33.2392850147431,48.059039845734,5.81247850937086,432.681434158041,Red,millet
29.0,31.0,33.0,25.4831356148862,42.6142520448282,5.88628906863892,376.734782812053,Laterite,millet
32.0,26.0,29.0,25.5546230653709,40.1060809621595,6.06394823238071,366.679029131075,Red,millet
20.0,30.0,31.0,33.9491457099998,40.4062819002702,5.56267454030228,534.657052914629,Laterite,millet
28.0,34.0,28.0,28.1025411380409,59.6683101033497,6.42320839674525,419.115595985808,Red,millet
20.0,34.0,23.0,33.4232009988468,45.7233145397719,5.63589879762084,470.315152370089,Laterite,millet
33.0,23.0,21.0,28.1566567825118,45.49569716723,5.8453400898734,587.256198936186,Red,millet
28.0,28.0,31.0,27.0782477139695,59.5198627513685,6.41526587362861,326.848256279367,Laterite,millet
29.0,31.0,28.0,29.0156846411324,41.3329973035667,6.0039720988423,342.35483357707,Red,millet
32.0,30.0,25.0,28.5971873558781,57.0531045031038,5.56170373437202,344.939233029511,Laterite,millet
25.0,29.0,25.0,32.779738209848,41.4068174711118,5.76930510912924,408.434666228864,Red,millet
22.0,27.0,22.0,33.3282766195582,45.967760403395,5.97717388376986,535.469719142479,Laterite,millet
34.0,24.0,22.0,28.024600516156,51.8363512780804,6.10997662375257,444.050958087014,Red,millet
31.0,22.0,26.0,33.5876405073925,59.7598358405462,5.57177470115145,501.833661517744,Laterite,millet
34.0,30.0,30.0,34.345200671603,45.004912602307,6.30187252257204,581.147800287638,Red,millet
29.0,25.0,26.0,25.3214009164515,53.5862381336739,6.229470620304,596.259800958887,Laterite,millet
32.0,24.0,34.0,26.0947166501609,45.3420768509234,6.4685190393916,466.523440696403,Red,millet
31.0,33.0,28.0,26.2464141925706,58.9507598271107,5.70397452912175,460.613181947754,Laterite,millet
30.0,29.0,21.0,31.093101929963,45.8553936247415,5.80202265879414,424.700714221935,Red,millet
26.0,21.0,20.0,25.6068988127344,57.4610587248496,5.73956948566681,593.896431095709,Laterite,millet
